{
    "Q1: Why use FFO on Hospital?": {
        "MASE": 16.07388883081555,
        "RMSE": 17.20550160186374,
        "MAPE": 13.44986138425021,
        "Params": 0.6909296778418648,
        "Size": 1.910212156929316,
        "T Power": 12.064344425020122,
        "T Time": 12.087151766355895,
        "I Power": 13.259055078461653,
        "I Time": 13.259055078461653
    },
    "Q2: Reasons for MASE estimate?": {
        "No NAN": 0.0,
        "Div length": 0.0,
        "Equal length": 0.004796366212931371,
        "Fc Horizon": 0.010473311685973204,
        "Num Series": 0.1896821277124998,
        "Avg Length": 0.03357843889368629,
        "Avg Mean": 0.10486276958152832,
        "Avg Min": 0.025430047489507817,
        "Avg Max": 0.3255276814179673,
        "Seasoniality": 0.30564925700590595
    }
}